X,U,V,M,N,d_min,d_max,r_min,r_max,interval_convention,log_M_over_log_X,log_N_over_log_X,factor_pairs,nonzero_terms,positive_terms,negative_terms,positive_sum,negative_sum,signed_sum,absolute_sum,shifted_proper_prime_power_signed,shifted_proper_prime_power_absolute,non_squarefree_r_nonzero_terms,distinct_d_nonzero_terms,distinct_r_nonzero_terms,signed_sum_over_CX,applicable_proved_lower_bound,exact_coefficient_sha256,source_commit,script_sha256,binary_hash_sha256,arithmetic_precision
1000,3,3,2,128,4,4,129,256,M < d <= 2M; N < r <= 2N; d > U; r > V; X < dr <= 2X,0.10034333188799373,0.7024033232159561,6,0,0,0,0.0,-0.0,0.0,0.0,0.0,0.0,0,0,0,0.0,,4f53cda18c2baa0c0354bb5f9a3ecbe5ed12ab4d8e11ba873c2f11161202b945,5cf66a63bbc33b36f3c8d90373d2f6cce108f72a,6d92bd4abdd650987f66268cf3462c065d0ad0e6e4b4ddd792cdeeef10bb3b03,4d6f5f81a4bca11191c4c7c6b43632694d0a4ce74e068619d8fdc161d469859a,"exact integer coefficients; displayed numbers binary64, not certified intervals"
1000,3,3,2,256,4,4,257,500,M < d <= 2M; N < r <= 2N; d > U; r > V; X < dr <= 2X,0.10034333188799373,0.8027466551039498,244,0,0,0,0.0,-0.0,0.0,0.0,0.0,0.0,0,0,0,0.0,,4f53cda18c2baa0c0354bb5f9a3ecbe5ed12ab4d8e11ba873c2f11161202b945,5cf66a63bbc33b36f3c8d90373d2f6cce108f72a,6d92bd4abdd650987f66268cf3462c065d0ad0e6e4b4ddd792cdeeef10bb3b03,4d6f5f81a4bca11191c4c7c6b43632694d0a4ce74e068619d8fdc161d469859a,"exact integer coefficients; displayed numbers binary64, not certified intervals"
1000,3,3,4,64,5,8,65,128,M < d <= 2M; N < r <= 2N; d > U; r > V; X < dr <= 2X,0.20068666377598746,0.6020599913279624,3,0,0,0,0.0,-0.0,0.0,0.0,0.0,0.0,0,0,0,0.0,,4f53cda18c2baa0c0354bb5f9a3ecbe5ed12ab4d8e11ba873c2f11161202b945,5cf66a63bbc33b36f3c8d90373d2f6cce108f72a,6d92bd4abdd650987f66268cf3462c065d0ad0e6e4b4ddd792cdeeef10bb3b03,4d6f5f81a4bca11191c4c7c6b43632694d0a4ce74e068619d8fdc161d469859a,"exact integer coefficients; displayed numbers binary64, not certified intervals"
1000,3,3,4,128,5,8,129,256,M < d <= 2M; N < r <= 2N; d > U; r > V; X < dr <= 2X,0.20068666377598746,0.7024033232159561,382,25,0,25,0.0,-824.9893598974752,-824.9893598974752,824.9893598974752,-2.973919864938806,2.973919864938806,3,2,24,-0.6248387441487822,,0f1e27ac60ccbff72ff632ccc23968a284e59443d71e2bbd318ca125fb280675,5cf66a63bbc33b36f3c8d90373d2f6cce108f72a,6d92bd4abdd650987f66268cf3462c065d0ad0e6e4b4ddd792cdeeef10bb3b03,4d6f5f81a4bca11191c4c7c6b43632694d0a4ce74e068619d8fdc161d469859a,"exact integer coefficients; displayed numbers binary64, not certified intervals"
1000,3,3,4,256,5,8,257,500,M < d <= 2M; N < r <= 2N; d > U; r > V; X < dr <= 2X,0.20068666377598746,0.8027466551039498,250,28,0,28,0.0,-1066.262466138555,-1066.262466138555,1066.262466138555,0.0,0.0,7,2,26,-0.807576597542779,,6931a61ea3003e67f182ef697da3c9498896f0631e6c5af27d12e0136744a388,5cf66a63bbc33b36f3c8d90373d2f6cce108f72a,6d92bd4abdd650987f66268cf3462c065d0ad0e6e4b4ddd792cdeeef10bb3b03,4d6f5f81a4bca11191c4c7c6b43632694d0a4ce74e068619d8fdc161d469859a,"exact integer coefficients; displayed numbers binary64, not certified intervals"
1000,3,3,8,32,9,16,33,64,M < d <= 2M; N < r <= 2N; d > U; r > V; X < dr <= 2X,0.3010299956639812,0.5017166594399687,2,0,0,0,0.0,-0.0,0.0,0.0,0.0,0.0,0,0,0,0.0,,4f53cda18c2baa0c0354bb5f9a3ecbe5ed12ab4d8e11ba873c2f11161202b945,5cf66a63bbc33b36f3c8d90373d2f6cce108f72a,6d92bd4abdd650987f66268cf3462c065d0ad0e6e4b4ddd792cdeeef10bb3b03,4d6f5f81a4bca11191c4c7c6b43632694d0a4ce74e068619d8fdc161d469859a,"exact integer coefficients; displayed numbers binary64, not certified intervals"
1000,3,3,8,64,9,16,65,128,M < d <= 2M; N < r <= 2N; d > U; r > V; X < dr <= 2X,0.3010299956639812,0.6020599913279624,360,31,17,14,502.3382450707913,-419.29896384445715,83.03928122633417,921.6372089152485,2.973919864938806,2.973919864938806,8,4,19,0.06289312652823582,,4adccb285c79fc3b532d1a32461d0280504bff1cb914e8f555de9ba60d81f7fc,5cf66a63bbc33b36f3c8d90373d2f6cce108f72a,6d92bd4abdd650987f66268cf3462c065d0ad0e6e4b4ddd792cdeeef10bb3b03,4d6f5f81a4bca11191c4c7c6b43632694d0a4ce74e068619d8fdc161d469859a,"exact integer coefficients; displayed numbers binary64, not certified intervals"
1000,3,3,8,128,9,16,129,256,M < d <= 2M; N < r <= 2N; d > U; r > V; X < dr <= 2X,0.3010299956639812,0.7024033232159561,301,13,1,12,37.16372568587727,-407.57015455802343,-370.4064288721462,444.73388024390067,0.0,0.0,4,3,12,-0.2805421488949501,,d10ed9b668e272e0f295bf5784ff2510aabffae1c50e38e49e45593dde248a50,5cf66a63bbc33b36f3c8d90373d2f6cce108f72a,6d92bd4abdd650987f66268cf3462c065d0ad0e6e4b4ddd792cdeeef10bb3b03,4d6f5f81a4bca11191c4c7c6b43632694d0a4ce74e068619d8fdc161d469859a,"exact integer coefficients; displayed numbers binary64, not certified intervals"
1000,3,3,16,16,17,32,17,32,M < d <= 2M; N < r <= 2N; d > U; r > V; X < dr <= 2X,0.4013733275519749,0.4013733275519749,1,0,0,0,0.0,-0.0,0.0,0.0,0.0,0.0,0,0,0,0.0,,4f53cda18c2baa0c0354bb5f9a3ecbe5ed12ab4d8e11ba873c2f11161202b945,5cf66a63bbc33b36f3c8d90373d2f6cce108f72a,6d92bd4abdd650987f66268cf3462c065d0ad0e6e4b4ddd792cdeeef10bb3b03,4d6f5f81a4bca11191c4c7c6b43632694d0a4ce74e068619d8fdc161d469859a,"exact integer coefficients; displayed numbers binary64, not certified intervals"
1000,3,3,16,32,17,32,33,64,M < d <= 2M; N < r <= 2N; d > U; r > V; X < dr <= 2X,0.4013733275519749,0.5017166594399687,350,16,2,14,56.423901255290474,-363.334499711449,-306.91059845615854,419.7584009667395,0.0,0.0,5,6,11,-0.232451037828087,,9e9d7abcbbd06743e06d89896bb92dc0201cd146731862d9a9c446a0c4d35379,5cf66a63bbc33b36f3c8d90373d2f6cce108f72a,6d92bd4abdd650987f66268cf3462c065d0ad0e6e4b4ddd792cdeeef10bb3b03,4d6f5f81a4bca11191c4c7c6b43632694d0a4ce74e068619d8fdc161d469859a,"exact integer coefficients; displayed numbers binary64, not certified intervals"
1000,3,3,16,64,17,32,65,128,M < d <= 2M; N < r <= 2N; d > U; r > V; X < dr <= 2X,0.4013733275519749,0.6020599913279624,326,24,9,15,282.4855712409735,-419.6842862780476,-137.19871503707407,702.1698575190211,-15.93293033397644,15.93293033397644,2,4,17,-0.1039129435720791,,eaddb6714da0930253b2397b54dc821c52e26d18ba86799961a565d0c3f17c52,5cf66a63bbc33b36f3c8d90373d2f6cce108f72a,6d92bd4abdd650987f66268cf3462c065d0ad0e6e4b4ddd792cdeeef10bb3b03,4d6f5f81a4bca11191c4c7c6b43632694d0a4ce74e068619d8fdc161d469859a,"exact integer coefficients; displayed numbers binary64, not certified intervals"
1000,3,3,32,8,33,64,9,16,M < d <= 2M; N < r <= 2N; d > U; r > V; X < dr <= 2X,0.5017166594399687,0.3010299956639812,2,0,0,0,0.0,-0.0,0.0,0.0,0.0,0.0,0,0,0,0.0,,4f53cda18c2baa0c0354bb5f9a3ecbe5ed12ab4d8e11ba873c2f11161202b945,5cf66a63bbc33b36f3c8d90373d2f6cce108f72a,6d92bd4abdd650987f66268cf3462c065d0ad0e6e4b4ddd792cdeeef10bb3b03,4d6f5f81a4bca11191c4c7c6b43632694d0a4ce74e068619d8fdc161d469859a,"exact integer coefficients; displayed numbers binary64, not certified intervals"
1000,3,3,32,16,33,64,17,32,M < d <= 2M; N < r <= 2N; d > U; r > V; X < dr <= 2X,0.5017166594399687,0.4013733275519749,350,18,7,11,161.1773725878165,-219.50809560708015,-58.330723019263644,380.68546819489666,0.0,0.0,7,10,7,-0.04417911004473635,,acfc8f7a07479fb13d5075d7181864ea7c341b44832d95320106c6265d81eaa8,5cf66a63bbc33b36f3c8d90373d2f6cce108f72a,6d92bd4abdd650987f66268cf3462c065d0ad0e6e4b4ddd792cdeeef10bb3b03,4d6f5f81a4bca11191c4c7c6b43632694d0a4ce74e068619d8fdc161d469859a,"exact integer coefficients; displayed numbers binary64, not certified intervals"
1000,3,3,32,32,33,64,33,64,M < d <= 2M; N < r <= 2N; d > U; r > V; X < dr <= 2X,0.5017166594399687,0.5017166594399687,334,29,19,10,455.85599464690154,-214.74766714644667,241.10832750045483,670.6036617933482,0.0,0.0,5,9,11,0.1826130516130776,,1925adb1a2939eae69f22e4b922940390284ee52a8a97dbc998361692e1c88f2,5cf66a63bbc33b36f3c8d90373d2f6cce108f72a,6d92bd4abdd650987f66268cf3462c065d0ad0e6e4b4ddd792cdeeef10bb3b03,4d6f5f81a4bca11191c4c7c6b43632694d0a4ce74e068619d8fdc161d469859a,"exact integer coefficients; displayed numbers binary64, not certified intervals"
1000,3,3,64,4,65,128,5,8,M < d <= 2M; N < r <= 2N; d > U; r > V; X < dr <= 2X,0.6020599913279624,0.20068666377598746,3,0,0,0,0.0,-0.0,0.0,0.0,0.0,0.0,0,0,0,0.0,,4f53cda18c2baa0c0354bb5f9a3ecbe5ed12ab4d8e11ba873c2f11161202b945,5cf66a63bbc33b36f3c8d90373d2f6cce108f72a,6d92bd4abdd650987f66268cf3462c065d0ad0e6e4b4ddd792cdeeef10bb3b03,4d6f5f81a4bca11191c4c7c6b43632694d0a4ce74e068619d8fdc161d469859a,"exact integer coefficients; displayed numbers binary64, not certified intervals"
1000,3,3,64,8,65,128,9,16,M < d <= 2M; N < r <= 2N; d > U; r > V; X < dr <= 2X,0.6020599913279624,0.3010299956639812,360,25,12,13,163.24600524562015,-167.860139157875,-4.614133912254843,331.10614440349514,-1.3488021334406732,1.3488021334406732,2,15,5,-0.0034946991794244675,,3431d61200d26af237f69eb06c3ecd2862c6f72a5c1f66c07f5dcb9656e441f2,5cf66a63bbc33b36f3c8d90373d2f6cce108f72a,6d92bd4abdd650987f66268cf3462c065d0ad0e6e4b4ddd792cdeeef10bb3b03,4d6f5f81a4bca11191c4c7c6b43632694d0a4ce74e068619d8fdc161d469859a,"exact integer coefficients; displayed numbers binary64, not certified intervals"
1000,3,3,64,16,65,128,17,32,M < d <= 2M; N < r <= 2N; d > U; r > V; X < dr <= 2X,0.6020599913279624,0.4013733275519749,326,26,13,13,235.7854476620838,-243.2220637094619,-7.436616047378097,479.0075113715457,-11.643883735587416,11.643883735587416,4,16,6,-0.005632419104578359,,3cfffc217fde5c24857058781197ef987bf4d0a782660f7abe1372b9780d26ae,5cf66a63bbc33b36f3c8d90373d2f6cce108f72a,6d92bd4abdd650987f66268cf3462c065d0ad0e6e4b4ddd792cdeeef10bb3b03,4d6f5f81a4bca11191c4c7c6b43632694d0a4ce74e068619d8fdc161d469859a,"exact integer coefficients; displayed numbers binary64, not certified intervals"
1000,3,3,128,2,129,256,4,4,M < d <= 2M; N < r <= 2N; d > U; r > V; X < dr <= 2X,0.7024033232159561,0.10034333188799373,6,0,0,0,0.0,-0.0,0.0,0.0,0.0,0.0,0,0,0,0.0,,4f53cda18c2baa0c0354bb5f9a3ecbe5ed12ab4d8e11ba873c2f11161202b945,5cf66a63bbc33b36f3c8d90373d2f6cce108f72a,6d92bd4abdd650987f66268cf3462c065d0ad0e6e4b4ddd792cdeeef10bb3b03,4d6f5f81a4bca11191c4c7c6b43632694d0a4ce74e068619d8fdc161d469859a,"exact integer coefficients; displayed numbers binary64, not certified intervals"
1000,3,3,128,4,129,256,5,8,M < d <= 2M; N < r <= 2N; d > U; r > V; X < dr <= 2X,0.7024033232159561,0.20068666377598746,382,22,13,9,158.63017081775868,-121.98549698229253,36.64467383546616,280.6156678000512,1.3488021334406732,1.3488021334406732,0,21,2,0.027754311864022,,d74ce7a4f13a4453a9e2ab6366b90a93e77d97a0eb673330c395531899b73139,5cf66a63bbc33b36f3c8d90373d2f6cce108f72a,6d92bd4abdd650987f66268cf3462c065d0ad0e6e4b4ddd792cdeeef10bb3b03,4d6f5f81a4bca11191c4c7c6b43632694d0a4ce74e068619d8fdc161d469859a,"exact integer coefficients; displayed numbers binary64, not certified intervals"
1000,3,3,128,8,129,256,9,16,M < d <= 2M; N < r <= 2N; d > U; r > V; X < dr <= 2X,0.7024033232159561,0.3010299956639812,301,25,14,11,157.49049569513335,-129.18331830623976,28.307177388893606,286.6738140013731,0.0,0.0,16,22,4,0.021439574896179477,,58c82e1f18803ab379f9ec337f81f0f7333dd13aeebedb5f8cc84dc2d57b4768,5cf66a63bbc33b36f3c8d90373d2f6cce108f72a,6d92bd4abdd650987f66268cf3462c065d0ad0e6e4b4ddd792cdeeef10bb3b03,4d6f5f81a4bca11191c4c7c6b43632694d0a4ce74e068619d8fdc161d469859a,"exact integer coefficients; displayed numbers binary64, not certified intervals"
1000,3,3,256,2,257,500,4,4,M < d <= 2M; N < r <= 2N; d > U; r > V; X < dr <= 2X,0.8027466551039498,0.10034333188799373,244,0,0,0,0.0,-0.0,0.0,0.0,0.0,0.0,0,0,0,0.0,,4f53cda18c2baa0c0354bb5f9a3ecbe5ed12ab4d8e11ba873c2f11161202b945,5cf66a63bbc33b36f3c8d90373d2f6cce108f72a,6d92bd4abdd650987f66268cf3462c065d0ad0e6e4b4ddd792cdeeef10bb3b03,4d6f5f81a4bca11191c4c7c6b43632694d0a4ce74e068619d8fdc161d469859a,"exact integer coefficients; displayed numbers binary64, not certified intervals"
1000,3,3,256,4,257,500,5,8,M < d <= 2M; N < r <= 2N; d > U; r > V; X < dr <= 2X,0.8027466551039498,0.20068666377598746,250,21,9,12,109.60118778405794,-151.80345210428604,-42.20226432022808,261.404639888344,0.0,0.0,0,19,2,-0.03196357567734368,,da37d4648057d393c73c51c5b86e666778e5c47a06fe04193ea0462c0d3c2854,5cf66a63bbc33b36f3c8d90373d2f6cce108f72a,6d92bd4abdd650987f66268cf3462c065d0ad0e6e4b4ddd792cdeeef10bb3b03,4d6f5f81a4bca11191c4c7c6b43632694d0a4ce74e068619d8fdc161d469859a,"exact integer coefficients; displayed numbers binary64, not certified intervals"
10000,6,6,4,1024,7,8,1025,2048,M < d <= 2M; N < r <= 2N; d > U; r > V; X < dr <= 2X,0.15051499783199057,0.7525749891599529,1418,80,0,80,0.0,-4784.291885573624,-4784.291885573624,4784.291885573624,-68.5049186497143,68.5049186497143,22,1,80,-0.3623575137738187,,843e11502e6734e3821e60f239452ba31ca1c8d197a29ae749b13d5384ec3b97,5cf66a63bbc33b36f3c8d90373d2f6cce108f72a,6d92bd4abdd650987f66268cf3462c065d0ad0e6e4b4ddd792cdeeef10bb3b03,4d6f5f81a4bca11191c4c7c6b43632694d0a4ce74e068619d8fdc161d469859a,"exact integer coefficients; displayed numbers binary64, not certified intervals"
10000,6,6,4,2048,7,8,2049,2857,M < d <= 2M; N < r <= 2N; d > U; r > V; X < dr <= 2X,0.15051499783199057,0.8278324880759482,1261,93,0,93,0.0,-6200.146487280619,-6200.146487280619,6200.146487280619,-38.83805950965458,38.83805950965458,23,1,93,-0.4695929345237076,,ed1848b4224b6189dbf008078162a0a2f38fda6f2a84b7d15acbe520382bbc35,5cf66a63bbc33b36f3c8d90373d2f6cce108f72a,6d92bd4abdd650987f66268cf3462c065d0ad0e6e4b4ddd792cdeeef10bb3b03,4d6f5f81a4bca11191c4c7c6b43632694d0a4ce74e068619d8fdc161d469859a,"exact integer coefficients; displayed numbers binary64, not certified intervals"
10000,6,6,8,512,9,16,513,1024,M < d <= 2M; N < r <= 2N; d > U; r > V; X < dr <= 2X,0.22577249674798586,0.6773174902439576,1652,116,76,40,4266.060902583448,-2202.678235280537,2063.382667302911,6468.739137863986,21.002380740421877,21.002380740421877,24,3,97,0.1562785530586891,,d553e93b51205186498916738ebf18b98998685da3ab97f0d0a9b0485e16fb3d,5cf66a63bbc33b36f3c8d90373d2f6cce108f72a,6d92bd4abdd650987f66268cf3462c065d0ad0e6e4b4ddd792cdeeef10bb3b03,4d6f5f81a4bca11191c4c7c6b43632694d0a4ce74e068619d8fdc161d469859a,"exact integer coefficients; displayed numbers binary64, not certified intervals"
10000,6,6,8,1024,9,16,1025,2048,M < d <= 2M; N < r <= 2N; d > U; r > V; X < dr <= 2X,0.22577249674798586,0.7525749891599529,4802,208,54,154,3350.253632876436,-9247.474389424842,-5897.220756548406,12597.728022301279,0.0,0.0,52,3,173,-0.4466496406629733,,38fdf2d10949d750a1e9e7e22d3facb11ce10e94f4b0f3bac07326de3ad82a0e,5cf66a63bbc33b36f3c8d90373d2f6cce108f72a,6d92bd4abdd650987f66268cf3462c065d0ad0e6e4b4ddd792cdeeef10bb3b03,4d6f5f81a4bca11191c4c7c6b43632694d0a4ce74e068619d8fdc161d469859a,"exact integer coefficients; displayed numbers binary64, not certified intervals"
10000,6,6,8,2048,9,16,2049,2857,M < d <= 2M; N < r <= 2N; d > U; r > V; X < dr <= 2X,0.22577249674798586,0.8278324880759482,174,0,0,0,0.0,-0.0,0.0,0.0,0.0,0.0,0,0,0,0.0,,4f53cda18c2baa0c0354bb5f9a3ecbe5ed12ab4d8e11ba873c2f11161202b945,5cf66a63bbc33b36f3c8d90373d2f6cce108f72a,6d92bd4abdd650987f66268cf3462c065d0ad0e6e4b4ddd792cdeeef10bb3b03,4d6f5f81a4bca11191c4c7c6b43632694d0a4ce74e068619d8fdc161d469859a,"exact integer coefficients; displayed numbers binary64, not certified intervals"
10000,6,6,16,256,17,32,257,512,M < d <= 2M; N < r <= 2N; d > U; r > V; X < dr <= 2X,0.30102999566398114,0.6020599913279623,1554,52,7,45,376.6182658495753,-2167.8131526887632,-1791.1948868391878,2544.4314185383387,-26.749505042354073,26.749505042354073,9,4,45,-0.13566332101027417,,9757b1ffd8921777f63c8e4d8d2adfc9592736c0e910fddc136c8cdf0a9f6539,5cf66a63bbc33b36f3c8d90373d2f6cce108f72a,6d92bd4abdd650987f66268cf3462c065d0ad0e6e4b4ddd792cdeeef10bb3b03,4d6f5f81a4bca11191c4c7c6b43632694d0a4ce74e068619d8fdc161d469859a,"exact integer coefficients; displayed numbers binary64, not certified intervals"
10000,6,6,16,512,17,32,513,1024,M < d <= 2M; N < r <= 2N; d > U; r > V; X < dr <= 2X,0.30102999566398114,0.6773174902439576,4958,263,80,183,4372.703855681141,-9690.540981959757,-5317.837126278615,14063.244837640897,-42.28360779360752,42.28360779360752,76,6,169,-0.4027677001779314,,2bb6a88043a71f3487ea9c9f9f822605baf01cf19d03d07884ef829a4e1ebc7f,5cf66a63bbc33b36f3c8d90373d2f6cce108f72a,6d92bd4abdd650987f66268cf3462c065d0ad0e6e4b4ddd792cdeeef10bb3b03,4d6f5f81a4bca11191c4c7c6b43632694d0a4ce74e068619d8fdc161d469859a,"exact integer coefficients; displayed numbers binary64, not certified intervals"
10000,6,6,16,1024,17,32,1025,2048,M < d <= 2M; N < r <= 2N; d > U; r > V; X < dr <= 2X,0.30102999566398114,0.7525749891599529,267,19,0,19,0.0,-1136.9506285991733,-1136.9506285991733,1136.9506285991733,0.0,0.0,7,2,19,-0.08611151094377284,,7de13a92bfadb5de652c9378a40e056a8996052dbf5acea9dbebe1944ee3347a,5cf66a63bbc33b36f3c8d90373d2f6cce108f72a,6d92bd4abdd650987f66268cf3462c065d0ad0e6e4b4ddd792cdeeef10bb3b03,4d6f5f81a4bca11191c4c7c6b43632694d0a4ce74e068619d8fdc161d469859a,"exact integer coefficients; displayed numbers binary64, not certified intervals"
10000,6,6,32,128,33,64,129,256,M < d <= 2M; N < r <= 2N; d > U; r > V; X < dr <= 2X,0.37628749457997646,0.526802492411967,1507,81,43,38,1808.807156302573,-1518.68198956266,290.12516673991314,3327.489145865233,-24.82887465482457,24.82887465482457,13,9,36,0.02197379186250983,,1492396a90da047032008043b3778e7c3d658fc2fc673c671c87e29e164f1de0,5cf66a63bbc33b36f3c8d90373d2f6cce108f72a,6d92bd4abdd650987f66268cf3462c065d0ad0e6e4b4ddd792cdeeef10bb3b03,4d6f5f81a4bca11191c4c7c6b43632694d0a4ce74e068619d8fdc161d469859a,"exact integer coefficients; displayed numbers binary64, not certified intervals"
10000,6,6,32,256,33,64,257,512,M < d <= 2M; N < r <= 2N; d > U; r > V; X < dr <= 2X,0.37628749457997646,0.6020599913279623,5031,296,166,130,8170.324493183147,-6111.810314679235,2058.5141785039123,14282.134807862381,0.0,0.0,70,13,121,0.15590981855434993,,3d9f5ad9f0fc42275feecc4b1ee3a862976ff9eb4994c40605c87a231e5a2258,5cf66a63bbc33b36f3c8d90373d2f6cce108f72a,6d92bd4abdd650987f66268cf3462c065d0ad0e6e4b4ddd792cdeeef10bb3b03,4d6f5f81a4bca11191c4c7c6b43632694d0a4ce74e068619d8fdc161d469859a,"exact integer coefficients; displayed numbers binary64, not certified intervals"
10000,6,6,32,512,33,64,513,1024,M < d <= 2M; N < r <= 2N; d > U; r > V; X < dr <= 2X,0.37628749457997646,0.6773174902439576,314,23,21,2,1111.4705908141789,-97.01578914061665,1014.4548016735622,1208.4863799547954,0.0,0.0,9,3,20,0.07683379872343858,,e3ac8d108bc1c89c4b41dfdd6324426574a210e6fbf256d69b03e6f0f9b4e16c,5cf66a63bbc33b36f3c8d90373d2f6cce108f72a,6d92bd4abdd650987f66268cf3462c065d0ad0e6e4b4ddd792cdeeef10bb3b03,4d6f5f81a4bca11191c4c7c6b43632694d0a4ce74e068619d8fdc161d469859a,"exact integer coefficients; displayed numbers binary64, not certified intervals"
10000,6,6,64,64,65,128,65,128,M < d <= 2M; N < r <= 2N; d > U; r > V; X < dr <= 2X,0.4515449934959717,0.4515449934959717,1492,78,43,35,1601.6299382182413,-1206.3836033965415,395.24633482169963,2808.0135416147828,0.0,0.0,17,19,24,0.029935564685354393,,a38ecb2f446aed17f6804be41c71b6b582b61a66e7a504528092e7f490c1e7b2,5cf66a63bbc33b36f3c8d90373d2f6cce108f72a,6d92bd4abdd650987f66268cf3462c065d0ad0e6e4b4ddd792cdeeef10bb3b03,4d6f5f81a4bca11191c4c7c6b43632694d0a4ce74e068619d8fdc161d469859a,"exact integer coefficients; displayed numbers binary64, not certified intervals"
10000,6,6,64,128,65,128,129,256,M < d <= 2M; N < r <= 2N; d > U; r > V; X < dr <= 2X,0.4515449934959717,0.526802492411967,5062,276,146,130,6092.653827750908,-5251.282512038962,841.3713157119471,11343.93633978987,0.0,0.0,67,26,64,0.06372462747126763,,3389769f7bb7cd142d261c8ea8ce73accb84d835a6f817602b4dff52d9e5fc49,5cf66a63bbc33b36f3c8d90373d2f6cce108f72a,6d92bd4abdd650987f66268cf3462c065d0ad0e6e4b4ddd792cdeeef10bb3b03,4d6f5f81a4bca11191c4c7c6b43632694d0a4ce74e068619d8fdc161d469859a,"exact integer coefficients; displayed numbers binary64, not certified intervals"
10000,6,6,64,256,65,128,257,512,M < d <= 2M; N < r <= 2N; d > U; r > V; X < dr <= 2X,0.4515449934959717,0.6020599913279623,337,16,10,6,494.80082643818395,-281.4588560692625,213.34197036892147,776.2596825074464,0.0,0.0,3,4,13,0.016158308860626983,,9515d907d7551eb74f2d534a6a9f35482cfc702e267d295820b98fa235f7bbc1,5cf66a63bbc33b36f3c8d90373d2f6cce108f72a,6d92bd4abdd650987f66268cf3462c065d0ad0e6e4b4ddd792cdeeef10bb3b03,4d6f5f81a4bca11191c4c7c6b43632694d0a4ce74e068619d8fdc161d469859a,"exact integer coefficients; displayed numbers binary64, not certified intervals"
10000,6,6,128,32,129,256,33,64,M < d <= 2M; N < r <= 2N; d > U; r > V; X < dr <= 2X,0.526802492411967,0.37628749457997646,1507,94,51,43,1516.5857738455022,-1285.0562236864325,231.52955015906971,2801.641997531935,17.768895189519263,17.768895189519263,26,36,12,0.017535818082878563,,4223c79f1c719201651b78e32f1eb60325fb1b07100b434d3064a9e600673243,5cf66a63bbc33b36f3c8d90373d2f6cce108f72a,6d92bd4abdd650987f66268cf3462c065d0ad0e6e4b4ddd792cdeeef10bb3b03,4d6f5f81a4bca11191c4c7c6b43632694d0a4ce74e068619d8fdc161d469859a,"exact integer coefficients; displayed numbers binary64, not certified intervals"
10000,6,6,128,64,129,256,65,128,M < d <= 2M; N < r <= 2N; d > U; r > V; X < dr <= 2X,0.526802492411967,0.4515449934959717,5062,268,140,128,4811.954238273197,-4324.018114141359,487.9361241318378,9135.972352414556,0.0,0.0,59,53,32,0.0369557972317668,,e7f71af07bd793517150f9a3972efdff74bf6d6b3183c9f2c3dca02309258bcd,5cf66a63bbc33b36f3c8d90373d2f6cce108f72a,6d92bd4abdd650987f66268cf3462c065d0ad0e6e4b4ddd792cdeeef10bb3b03,4d6f5f81a4bca11191c4c7c6b43632694d0a4ce74e068619d8fdc161d469859a,"exact integer coefficients; displayed numbers binary64, not certified intervals"
10000,6,6,128,128,129,256,129,256,M < d <= 2M; N < r <= 2N; d > U; r > V; X < dr <= 2X,0.526802492411967,0.526802492411967,343,25,17,8,636.4407245934556,-338.9276960744662,297.5130285189894,975.3684206679218,0.0,0.0,7,9,12,0.022533341173128392,,9bfce94d478611cf487fea60bf8c49ca1fc5c209c36a10e88138a7a6133d9065,5cf66a63bbc33b36f3c8d90373d2f6cce108f72a,6d92bd4abdd650987f66268cf3462c065d0ad0e6e4b4ddd792cdeeef10bb3b03,4d6f5f81a4bca11191c4c7c6b43632694d0a4ce74e068619d8fdc161d469859a,"exact integer coefficients; displayed numbers binary64, not certified intervals"
10000,6,6,256,16,257,512,17,32,M < d <= 2M; N < r <= 2N; d > U; r > V; X < dr <= 2X,0.6020599913279623,0.30102999566398114,1554,74,40,34,947.8748092526445,-873.1787679367593,74.69604131588508,1821.0535771894038,15.84826480198976,15.84826480198976,31,51,6,0.0056574039517919865,,b9f7459ada35ba8862d23c7a88d395587bf246d1599fecd617f529c9a7b4e955,5cf66a63bbc33b36f3c8d90373d2f6cce108f72a,6d92bd4abdd650987f66268cf3462c065d0ad0e6e4b4ddd792cdeeef10bb3b03,4d6f5f81a4bca11191c4c7c6b43632694d0a4ce74e068619d8fdc161d469859a,"exact integer coefficients; displayed numbers binary64, not certified intervals"
10000,6,6,256,32,257,512,33,64,M < d <= 2M; N < r <= 2N; d > U; r > V; X < dr <= 2X,0.6020599913279623,0.37628749457997646,5031,278,135,143,3780.8030038006377,-3876.831647102448,-96.02864330181052,7657.634650903086,-19.147681633455008,19.147681633455008,52,97,16,-0.007273114030279298,,f0c92cf5746ecce27d93e03e311051655addd38fb176608472ce2ef7bc84e79d,5cf66a63bbc33b36f3c8d90373d2f6cce108f72a,6d92bd4abdd650987f66268cf3462c065d0ad0e6e4b4ddd792cdeeef10bb3b03,4d6f5f81a4bca11191c4c7c6b43632694d0a4ce74e068619d8fdc161d469859a,"exact integer coefficients; displayed numbers binary64, not certified intervals"
10000,6,6,256,64,257,512,65,128,M < d <= 2M; N < r <= 2N; d > U; r > V; X < dr <= 2X,0.6020599913279623,0.4515449934959717,337,15,7,8,221.92214776468595,-230.71885438553346,-8.796706620847512,452.6410021502194,0.0,0.0,2,11,5,-0.0006662538191157656,,ff85fbcb2a650853f62b31cba234032a8c3c20fa5563c817795e3413f6601dee,5cf66a63bbc33b36f3c8d90373d2f6cce108f72a,6d92bd4abdd650987f66268cf3462c065d0ad0e6e4b4ddd792cdeeef10bb3b03,4d6f5f81a4bca11191c4c7c6b43632694d0a4ce74e068619d8fdc161d469859a,"exact integer coefficients; displayed numbers binary64, not certified intervals"
10000,6,6,512,8,513,1024,9,16,M < d <= 2M; N < r <= 2N; d > U; r > V; X < dr <= 2X,0.6773174902439576,0.22577249674798586,1652,31,13,18,303.3162936391505,-420.1113234127648,-116.79502977361433,723.4276170519154,0.0,0.0,0,30,2,-0.00884593950831488,,f4e5e2587c8dc22195ecdeb6a2a2adac69a3142c1504085fe4f0c267c6d35154,5cf66a63bbc33b36f3c8d90373d2f6cce108f72a,6d92bd4abdd650987f66268cf3462c065d0ad0e6e4b4ddd792cdeeef10bb3b03,4d6f5f81a4bca11191c4c7c6b43632694d0a4ce74e068619d8fdc161d469859a,"exact integer coefficients; displayed numbers binary64, not certified intervals"
10000,6,6,512,16,513,1024,17,32,M < d <= 2M; N < r <= 2N; d > U; r > V; X < dr <= 2X,0.6773174902439576,0.30102999566398114,4958,245,123,122,2989.901490394638,-2880.658605916484,109.24288447815438,5870.560096311122,-17.953579220442887,17.953579220442887,58,148,8,0.00827394752739639,,661fc4ac5328636db1b5ed11bebe2618857ba84c4f1130f83c417178bf3a4c72,5cf66a63bbc33b36f3c8d90373d2f6cce108f72a,6d92bd4abdd650987f66268cf3462c065d0ad0e6e4b4ddd792cdeeef10bb3b03,4d6f5f81a4bca11191c4c7c6b43632694d0a4ce74e068619d8fdc161d469859a,"exact integer coefficients; displayed numbers binary64, not certified intervals"
10000,6,6,512,32,513,1024,33,64,M < d <= 2M; N < r <= 2N; d > U; r > V; X < dr <= 2X,0.6773174902439576,0.37628749457997646,314,14,10,4,234.12645795123876,-85.68059584714723,148.44586210409153,319.807053798386,0.0,0.0,0,13,3,0.011243142100975805,,181d76ceb6417f76f2a5c3e72779396a484b3a09a3eeb01919e04ba75dbc716f,5cf66a63bbc33b36f3c8d90373d2f6cce108f72a,6d92bd4abdd650987f66268cf3462c065d0ad0e6e4b4ddd792cdeeef10bb3b03,4d6f5f81a4bca11191c4c7c6b43632694d0a4ce74e068619d8fdc161d469859a,"exact integer coefficients; displayed numbers binary64, not certified intervals"
10000,6,6,1024,4,1025,2048,7,8,M < d <= 2M; N < r <= 2N; d > U; r > V; X < dr <= 2X,0.7525749891599529,0.15051499783199057,1418,58,31,27,558.8217661454821,-483.1436451130089,75.67812103247314,1041.965411258491,-0.14833160394402967,18.10955130961365,0,58,1,0.005731785693738711,,d016ebff6b4cb68d25d32788cdaf87fe85a1d3d5ef92ce8c953ff195a770a1b1,5cf66a63bbc33b36f3c8d90373d2f6cce108f72a,6d92bd4abdd650987f66268cf3462c065d0ad0e6e4b4ddd792cdeeef10bb3b03,4d6f5f81a4bca11191c4c7c6b43632694d0a4ce74e068619d8fdc161d469859a,"exact integer coefficients; displayed numbers binary64, not certified intervals"
10000,6,6,1024,8,1025,2048,9,16,M < d <= 2M; N < r <= 2N; d > U; r > V; X < dr <= 2X,0.7525749891599529,0.22577249674798586,4802,225,120,105,2019.5588952429027,-1859.848699149288,159.71019609361488,3879.4075943921907,0.0,0.0,111,191,3,0.012096291565177488,,8319bce9ef08ffd22b90310f042a1fe73dc719d0ea86303ab991faeb70a2eaba,5cf66a63bbc33b36f3c8d90373d2f6cce108f72a,6d92bd4abdd650987f66268cf3462c065d0ad0e6e4b4ddd792cdeeef10bb3b03,4d6f5f81a4bca11191c4c7c6b43632694d0a4ce74e068619d8fdc161d469859a,"exact integer coefficients; displayed numbers binary64, not certified intervals"
10000,6,6,1024,16,1025,2048,17,32,M < d <= 2M; N < r <= 2N; d > U; r > V; X < dr <= 2X,0.7525749891599529,0.30102999566398114,267,12,7,5,196.41134009318498,-139.4243826016874,56.98695749149758,335.8357226948724,0.0,0.0,0,12,2,0.004316135538556823,,c87a22af1fe12caf70edb93585f8b1459d9081718e8f03c5226f39b42feb2109,5cf66a63bbc33b36f3c8d90373d2f6cce108f72a,6d92bd4abdd650987f66268cf3462c065d0ad0e6e4b4ddd792cdeeef10bb3b03,4d6f5f81a4bca11191c4c7c6b43632694d0a4ce74e068619d8fdc161d469859a,"exact integer coefficients; displayed numbers binary64, not certified intervals"
10000,6,6,2048,4,2049,2857,7,8,M < d <= 2M; N < r <= 2N; d > U; r > V; X < dr <= 2X,0.8278324880759482,0.15051499783199057,1261,70,35,35,653.770945670137,-662.7840751599315,-9.013129489794416,1316.5550208300685,9.573840816727504,9.573840816727504,0,70,1,-0.0006826454721735293,,3dc9ea0e13937cbeb51345e34bede732f8f9195b0c70c49e2298468192d7b087,5cf66a63bbc33b36f3c8d90373d2f6cce108f72a,6d92bd4abdd650987f66268cf3462c065d0ad0e6e4b4ddd792cdeeef10bb3b03,4d6f5f81a4bca11191c4c7c6b43632694d0a4ce74e068619d8fdc161d469859a,"exact integer coefficients; displayed numbers binary64, not certified intervals"
10000,6,6,2048,8,2049,2857,9,16,M < d <= 2M; N < r <= 2N; d > U; r > V; X < dr <= 2X,0.8278324880759482,0.22577249674798586,174,25,11,14,119.2329700774076,-151.69176675530144,-32.45879667789383,270.9247368327091,0.0,0.0,25,25,1,-0.0024583970095464393,,8722810e006dbd8b6e0581512c3459347bba3612dee175f7e4b2c8da0ce94ca2,5cf66a63bbc33b36f3c8d90373d2f6cce108f72a,6d92bd4abdd650987f66268cf3462c065d0ad0e6e4b4ddd792cdeeef10bb3b03,4d6f5f81a4bca11191c4c7c6b43632694d0a4ce74e068619d8fdc161d469859a,"exact integer coefficients; displayed numbers binary64, not certified intervals"
100000,10,10,8,4096,11,16,4097,8192,M < d <= 2M; N < r <= 2N; d > U; r > V; X < dr <= 2X,0.18061799739838869,0.7224719895935547,5018,287,242,45,21811.756396678942,-3904.074246238756,17907.68215044019,25715.8306429177,0.0,0.0,54,2,275,0.13563100531244626,,014cb5c4892c7fbad2845166eaa5f78325ce93f53af1f4262c9a28962019e07d,5cf66a63bbc33b36f3c8d90373d2f6cce108f72a,6d92bd4abdd650987f66268cf3462c065d0ad0e6e4b4ddd792cdeeef10bb3b03,4d6f5f81a4bca11191c4c7c6b43632694d0a4ce74e068619d8fdc161d469859a,"exact integer coefficients; displayed numbers binary64, not certified intervals"
100000,10,10,8,8192,11,16,8193,16384,M < d <= 2M; N < r <= 2N; d > U; r > V; X < dr <= 2X,0.18061799739838869,0.7826779887263511,38079,2140,796,1344,77175.0171032483,-126584.94227156279,-49409.925168314476,203759.9593748111,35.95807243983995,35.95807243983995,496,3,1816,-0.3742258638886163,,388199ed6a2d2ff2295f6207d6245c4a5d27ec37e55cc119e4af2dd7557877bd,5cf66a63bbc33b36f3c8d90373d2f6cce108f72a,6d92bd4abdd650987f66268cf3462c065d0ad0e6e4b4ddd792cdeeef10bb3b03,4d6f5f81a4bca11191c4c7c6b43632694d0a4ce74e068619d8fdc161d469859a,"exact integer coefficients; displayed numbers binary64, not certified intervals"
100000,10,10,8,16384,11,16,16385,18181,M < d <= 2M; N < r <= 2N; d > U; r > V; X < dr <= 2X,0.18061799739838869,0.8428839878591473,2079,172,0,172,0.0,-17207.821192949148,-17207.821192949148,17207.821192949148,0.0,0.0,45,1,172,-0.13033032795811275,,c924c2651749c12e216c0333ab709c5a97cc1b95d7482803cb3b24451c7dd73f,5cf66a63bbc33b36f3c8d90373d2f6cce108f72a,6d92bd4abdd650987f66268cf3462c065d0ad0e6e4b4ddd792cdeeef10bb3b03,4d6f5f81a4bca11191c4c7c6b43632694d0a4ce74e068619d8fdc161d469859a,"exact integer coefficients; displayed numbers binary64, not certified intervals"
100000,10,10,16,2048,17,32,2049,4096,M < d <= 2M; N < r <= 2N; d > U; r > V; X < dr <= 2X,0.24082399653118494,0.6622659904607586,4517,128,0,128,0.0,-9992.38491295861,-9992.38491295861,9992.38491295861,-48.45739622374697,48.45739622374697,26,2,119,-0.0756813304942529,,6525390d3d18055b89fa2d0d5f8ea5e9138219c234549b83a80a32b864d73fe4,5cf66a63bbc33b36f3c8d90373d2f6cce108f72a,6d92bd4abdd650987f66268cf3462c065d0ad0e6e4b4ddd792cdeeef10bb3b03,4d6f5f81a4bca11191c4c7c6b43632694d0a4ce74e068619d8fdc161d469859a,"exact integer coefficients; displayed numbers binary64, not certified intervals"
100000,10,10,16,4096,17,32,4097,8192,M < d <= 2M; N < r <= 2N; d > U; r > V; X < dr <= 2X,0.24082399653118494,0.7224719895935547,49753,1777,511,1266,45803.48934729394,-108165.24116394228,-62361.75181664834,153968.7305112362,-233.8081864680744,276.706252381929,449,7,1264,-0.47232171203850504,,77b6bdcbdc24ad987d4b6dc4d57badb1d7d71e63c00012a71a64fec7da06827e,5cf66a63bbc33b36f3c8d90373d2f6cce108f72a,6d92bd4abdd650987f66268cf3462c065d0ad0e6e4b4ddd792cdeeef10bb3b03,4d6f5f81a4bca11191c4c7c6b43632694d0a4ce74e068619d8fdc161d469859a,"exact integer coefficients; displayed numbers binary64, not certified intervals"
100000,10,10,16,8192,17,32,8193,16384,M < d <= 2M; N < r <= 2N; d > U; r > V; X < dr <= 2X,0.24082399653118494,0.7826779887263511,13506,745,197,548,18898.40472103952,-50830.11854413256,-31931.713823093043,69728.52326517207,-155.07085774017548,155.07085774017548,164,4,634,-0.2418476277829729,,513c89852886d639aecc2a2354e00c249f6fe8f39f19be48260ff667b5295de3,5cf66a63bbc33b36f3c8d90373d2f6cce108f72a,6d92bd4abdd650987f66268cf3462c065d0ad0e6e4b4ddd792cdeeef10bb3b03,4d6f5f81a4bca11191c4c7c6b43632694d0a4ce74e068619d8fdc161d469859a,"exact integer coefficients; displayed numbers binary64, not certified intervals"
100000,10,10,32,1024,33,64,1025,2048,M < d <= 2M; N < r <= 2N; d > U; r > V; X < dr <= 2X,0.3010299956639812,0.6020599913279624,4267,153,80,73,5787.827382557736,-5018.276683616401,769.5506989413351,10806.104066174137,0.0,0.0,38,6,109,0.005828500531753258,,b7c3447769e2943a705fe75f77d36c869a789d8e07f526a88a97e57cfe5b7a4e,5cf66a63bbc33b36f3c8d90373d2f6cce108f72a,6d92bd4abdd650987f66268cf3462c065d0ad0e6e4b4ddd792cdeeef10bb3b03,4d6f5f81a4bca11191c4c7c6b43632694d0a4ce74e068619d8fdc161d469859a,"exact integer coefficients; displayed numbers binary64, not certified intervals"
100000,10,10,32,2048,33,64,2049,4096,M < d <= 2M; N < r <= 2N; d > U; r > V; X < dr <= 2X,0.3010299956639812,0.6622659904607586,49756,2100,1157,943,92518.7214496627,-73209.09614575925,19309.62530390345,165727.81759542195,-40.16469383286555,55.549999604696524,483,14,927,0.14624918346066906,,1dc253e58db2e056529d64803bdbe9c8b1663029883e75da3a0ebb1de7ea7ba3,5cf66a63bbc33b36f3c8d90373d2f6cce108f72a,6d92bd4abdd650987f66268cf3462c065d0ad0e6e4b4ddd792cdeeef10bb3b03,4d6f5f81a4bca11191c4c7c6b43632694d0a4ce74e068619d8fdc161d469859a,"exact integer coefficients; displayed numbers binary64, not certified intervals"
100000,10,10,32,4096,33,64,4097,8192,M < d <= 2M; N < r <= 2N; d > U; r > V; X < dr <= 2X,0.3010299956639812,0.7224719895935547,14518,832,599,233,52228.55242872242,-19804.84559834977,32423.706830372645,72033.3980270722,0.0,0.0,186,7,597,0.24557393393602162,,a4fcabe1f69f38a79be31c64c5d8254d2e6cb3f310033a3648add910bc66d160,5cf66a63bbc33b36f3c8d90373d2f6cce108f72a,6d92bd4abdd650987f66268cf3462c065d0ad0e6e4b4ddd792cdeeef10bb3b03,4d6f5f81a4bca11191c4c7c6b43632694d0a4ce74e068619d8fdc161d469859a,"exact integer coefficients; displayed numbers binary64, not certified intervals"
100000,10,10,64,512,65,128,513,1024,M < d <= 2M; N < r <= 2N; d > U; r > V; X < dr <= 2X,0.36123599479677737,0.5418539921951662,4150,146,71,75,4600.218057007224,-4692.409226110302,-92.19116910307818,9292.627283117527,0.0,0.0,37,11,76,-0.0006982467547355294,,fb28d1d9663c264f36aa6b3211a2422ec2d6b15c2e86aa47498bee96e6863367,5cf66a63bbc33b36f3c8d90373d2f6cce108f72a,6d92bd4abdd650987f66268cf3462c065d0ad0e6e4b4ddd792cdeeef10bb3b03,4d6f5f81a4bca11191c4c7c6b43632694d0a4ce74e068619d8fdc161d469859a,"exact integer coefficients; displayed numbers binary64, not certified intervals"
100000,10,10,64,1024,65,128,1025,2048,M < d <= 2M; N < r <= 2N; d > U; r > V; X < dr <= 2X,0.36123599479677737,0.6020599913279624,49739,2204,1136,1068,80945.91858789965,-74466.98514215524,6478.933445744403,155412.9037300549,-172.0757773223105,245.36940706309565,525,27,508,0.04907079817569492,,0e7bdb425cd9cd79169d66f9d8f58acbd1e9db804d69c5b0526e69550f4bca11,5cf66a63bbc33b36f3c8d90373d2f6cce108f72a,6d92bd4abdd650987f66268cf3462c065d0ad0e6e4b4ddd792cdeeef10bb3b03,4d6f5f81a4bca11191c4c7c6b43632694d0a4ce74e068619d8fdc161d469859a,"exact integer coefficients; displayed numbers binary64, not certified intervals"
100000,10,10,64,2048,65,128,2049,4096,M < d <= 2M; N < r <= 2N; d > U; r > V; X < dr <= 2X,0.36123599479677737,0.6622659904607586,15035,653,377,276,29367.167864812356,-20935.295999202757,8431.871865609599,50302.46386401511,-52.76632037896804,52.76632037896804,161,15,350,0.06386215972513508,,c76050aec284f3df86e3f859bc3a3c60f08e6c919c93ff524f9d21eb7825159b,5cf66a63bbc33b36f3c8d90373d2f6cce108f72a,6d92bd4abdd650987f66268cf3462c065d0ad0e6e4b4ddd792cdeeef10bb3b03,4d6f5f81a4bca11191c4c7c6b43632694d0a4ce74e068619d8fdc161d469859a,"exact integer coefficients; displayed numbers binary64, not certified intervals"
100000,10,10,128,256,129,256,257,512,M < d <= 2M; N < r <= 2N; d > U; r > V; X < dr <= 2X,0.42144199392957366,0.4816479930623699,4105,182,90,92,5013.917535746232,-4922.36098147546,91.55655427077215,9936.278517221692,0.0,0.0,43,25,52,0.0006934402450505371,,f6bbc5e25497a2d5f3ddef323cc9da93e6e59496a15197ecd657ab94348d4204,5cf66a63bbc33b36f3c8d90373d2f6cce108f72a,6d92bd4abdd650987f66268cf3462c065d0ad0e6e4b4ddd792cdeeef10bb3b03,4d6f5f81a4bca11191c4c7c6b43632694d0a4ce74e068619d8fdc161d469859a,"exact integer coefficients; displayed numbers binary64, not certified intervals"
100000,10,10,128,512,129,256,513,1024,M < d <= 2M; N < r <= 2N; d > U; r > V; X < dr <= 2X,0.42144199392957366,0.5418539921951662,49731,2145,1123,1022,69959.97238596035,-63099.48054392145,6860.491842038904,133059.4529298818,-143.87000525748343,143.87000525748343,533,54,257,0.051960683557849524,,4d8d5328e6172311374d0fa9557a7e9b3cda64518d83560a52c6755b5717bf25,5cf66a63bbc33b36f3c8d90373d2f6cce108f72a,6d92bd4abdd650987f66268cf3462c065d0ad0e6e4b4ddd792cdeeef10bb3b03,4d6f5f81a4bca11191c4c7c6b43632694d0a4ce74e068619d8fdc161d469859a,"exact integer coefficients; displayed numbers binary64, not certified intervals"
100000,10,10,128,1024,129,256,1025,2048,M < d <= 2M; N < r <= 2N; d > U; r > V; X < dr <= 2X,0.42144199392957366,0.6020599913279624,15282,655,365,290,25450.965287402974,-19805.447940115602,5645.517347287371,45256.41322751858,41.771349612358776,41.771349612358776,145,27,215,0.042758587453631966,,ad860eaf89f5c9e9d6f0206a7e784538ff5c799708b0e097ac5ea2a7e29e5a8a,5cf66a63bbc33b36f3c8d90373d2f6cce108f72a,6d92bd4abdd650987f66268cf3462c065d0ad0e6e4b4ddd792cdeeef10bb3b03,4d6f5f81a4bca11191c4c7c6b43632694d0a4ce74e068619d8fdc161d469859a,"exact integer coefficients; displayed numbers binary64, not certified intervals"
100000,10,10,256,128,257,512,129,256,M < d <= 2M; N < r <= 2N; d > U; r > V; X < dr <= 2X,0.4816479930623699,0.42144199392957366,4105,173,93,80,4566.3249656566695,-3664.549384462716,901.7755811939534,8230.874350119386,0.0,0.0,34,45,29,0.006829958652161187,,ed9a13324f2150a194187cd4c5ec69f2863260a06113cd1c0e823ddfbf8f20a8,5cf66a63bbc33b36f3c8d90373d2f6cce108f72a,6d92bd4abdd650987f66268cf3462c065d0ad0e6e4b4ddd792cdeeef10bb3b03,4d6f5f81a4bca11191c4c7c6b43632694d0a4ce74e068619d8fdc161d469859a,"exact integer coefficients; displayed numbers binary64, not certified intervals"
100000,10,10,256,256,257,512,257,512,M < d <= 2M; N < r <= 2N; d > U; r > V; X < dr <= 2X,0.4816479930623699,0.4816479930623699,49725,2070,1034,1036,56689.90415743039,-56936.498916507895,-246.5947590775069,113626.40307393829,-2.426785865017962,227.59500707977227,447,105,128,-0.0018676842037672983,,53a70b29b2b7cef4c35d2183d0d36f70f53bd90a1a34b03f3d99e3b66fa71f92,5cf66a63bbc33b36f3c8d90373d2f6cce108f72a,6d92bd4abdd650987f66268cf3462c065d0ad0e6e4b4ddd792cdeeef10bb3b03,4d6f5f81a4bca11191c4c7c6b43632694d0a4ce74e068619d8fdc161d469859a,"exact integer coefficients; displayed numbers binary64, not certified intervals"
100000,10,10,256,512,257,512,513,1024,M < d <= 2M; N < r <= 2N; d > U; r > V; X < dr <= 2X,0.4816479930623699,0.5418539921951662,15387,630,321,309,19256.85774049908,-18710.871702480417,545.9860380186644,37967.7294429795,-75.95810563205308,75.95810563205308,160,52,117,0.004135244003155968,,601f610c89ab0b441904a8ad46ee617b4f289ed29c26b03adbe3f7bd8c2a60ab,5cf66a63bbc33b36f3c8d90373d2f6cce108f72a,6d92bd4abdd650987f66268cf3462c065d0ad0e6e4b4ddd792cdeeef10bb3b03,4d6f5f81a4bca11191c4c7c6b43632694d0a4ce74e068619d8fdc161d469859a,"exact integer coefficients; displayed numbers binary64, not certified intervals"
100000,10,10,512,64,513,1024,65,128,M < d <= 2M; N < r <= 2N; d > U; r > V; X < dr <= 2X,0.5418539921951662,0.36123599479677737,4150,154,72,82,3223.2369952320632,-3583.3269038072995,-360.0899085752364,6806.563899039363,0.0,0.0,54,72,14,-0.0027272851892630704,,b677246b22e074d8d91ded217b6a7cc7056f86b8e85f8e2232e2550162843720,5cf66a63bbc33b36f3c8d90373d2f6cce108f72a,6d92bd4abdd650987f66268cf3462c065d0ad0e6e4b4ddd792cdeeef10bb3b03,4d6f5f81a4bca11191c4c7c6b43632694d0a4ce74e068619d8fdc161d469859a,"exact integer coefficients; displayed numbers binary64, not certified intervals"
100000,10,10,512,128,513,1024,129,256,M < d <= 2M; N < r <= 2N; d > U; r > V; X < dr <= 2X,0.5418539921951662,0.42144199392957366,49731,2028,1019,1009,46436.16466315633,-46569.21579280265,-133.0511296463255,93005.38045595898,-30.609679492368898,98.33863091896647,416,207,65,-0.0010077160360724945,,75544f5fab431845a33d0b1d9a53a9d553ad49cc688d88df897857e2da8f22ba,5cf66a63bbc33b36f3c8d90373d2f6cce108f72a,6d92bd4abdd650987f66268cf3462c065d0ad0e6e4b4ddd792cdeeef10bb3b03,4d6f5f81a4bca11191c4c7c6b43632694d0a4ce74e068619d8fdc161d469859a,"exact integer coefficients; displayed numbers binary64, not certified intervals"
100000,10,10,512,256,513,1024,257,512,M < d <= 2M; N < r <= 2N; d > U; r > V; X < dr <= 2X,0.5418539921951662,0.4816479930623699,15387,610,329,281,17653.109207386744,-15006.131585540694,2646.97762184605,32659.240792927438,-34.883692501580384,34.883692501580384,140,97,61,0.020047945505985158,,b3f12070ad2208f07e2fe624dc68732cd47a9c9419cf37d0ee0d07c6d0b17b89,5cf66a63bbc33b36f3c8d90373d2f6cce108f72a,6d92bd4abdd650987f66268cf3462c065d0ad0e6e4b4ddd792cdeeef10bb3b03,4d6f5f81a4bca11191c4c7c6b43632694d0a4ce74e068619d8fdc161d469859a,"exact integer coefficients; displayed numbers binary64, not certified intervals"
100000,10,10,1024,32,1025,2048,33,64,M < d <= 2M; N < r <= 2N; d > U; r > V; X < dr <= 2X,0.6020599913279624,0.3010299956639812,4267,116,76,40,2941.2156809111298,-1554.870882283518,1386.3447986276117,4496.086563194648,0.0,0.0,1,84,7,0.010500037758539391,,117ec31807df7e23a4c9542b9c9919ebe0f782ecf86a542107994b89e0f81c3f,5cf66a63bbc33b36f3c8d90373d2f6cce108f72a,6d92bd4abdd650987f66268cf3462c065d0ad0e6e4b4ddd792cdeeef10bb3b03,4d6f5f81a4bca11191c4c7c6b43632694d0a4ce74e068619d8fdc161d469859a,"exact integer coefficients; displayed numbers binary64, not certified intervals"
100000,10,10,1024,64,1025,2048,65,128,M < d <= 2M; N < r <= 2N; d > U; r > V; X < dr <= 2X,0.6020599913279624,0.36123599479677737,49739,2007,1031,976,41878.020125730036,-39902.068506776646,1975.9516189533865,81780.08863250668,54.95223063391067,184.22824198342124,455,413,32,0.01496566123275847,,cf03b21838fd4ffdc6b6c6fb54a2bee53aea2e81ce9370324f61cfa5e6e764c4,5cf66a63bbc33b36f3c8d90373d2f6cce108f72a,6d92bd4abdd650987f66268cf3462c065d0ad0e6e4b4ddd792cdeeef10bb3b03,4d6f5f81a4bca11191c4c7c6b43632694d0a4ce74e068619d8fdc161d469859a,"exact integer coefficients; displayed numbers binary64, not certified intervals"
100000,10,10,1024,128,1025,2048,129,256,M < d <= 2M; N < r <= 2N; d > U; r > V; X < dr <= 2X,0.6020599913279624,0.42144199392957366,15282,681,338,343,14727.904643281718,-14852.248208811505,-124.34356552978832,29580.152852093222,-18.85596908801767,18.85596908801767,171,180,32,-0.0009417658106314265,,3578c4655bb69a45340e00583cdc849b699f76bde1680a20864fd23806c5831a,5cf66a63bbc33b36f3c8d90373d2f6cce108f72a,6d92bd4abdd650987f66268cf3462c065d0ad0e6e4b4ddd792cdeeef10bb3b03,4d6f5f81a4bca11191c4c7c6b43632694d0a4ce74e068619d8fdc161d469859a,"exact integer coefficients; displayed numbers binary64, not certified intervals"
100000,10,10,2048,16,2049,4096,17,32,M < d <= 2M; N < r <= 2N; d > U; r > V; X < dr <= 2X,0.6622659904607586,0.24082399653118494,4517,144,62,82,2102.6012609284808,-2486.447594090765,-383.8463331622841,4589.048855019246,-20.106242062183384,20.106242062183384,42,129,4,-0.0029072139886633544,,4434ef29017a0818b7f9e32e82ff5bbfbeda343512032ed0ad42f01aeadcb584,5cf66a63bbc33b36f3c8d90373d2f6cce108f72a,6d92bd4abdd650987f66268cf3462c065d0ad0e6e4b4ddd792cdeeef10bb3b03,4d6f5f81a4bca11191c4c7c6b43632694d0a4ce74e068619d8fdc161d469859a,"exact integer coefficients; displayed numbers binary64, not certified intervals"
100000,10,10,2048,32,2049,4096,33,64,M < d <= 2M; N < r <= 2N; d > U; r > V; X < dr <= 2X,0.6622659904607586,0.3010299956639812,49756,1644,797,847,29609.31117387286,-30958.189927347154,-1348.8787534742926,60567.50110122001,-26.439998764492017,50.04820136009087,150,744,14,-0.010216273655148642,,9787945eda778996ba89e98c2484679c00f859642f903b901b35293eb04b7d6f,5cf66a63bbc33b36f3c8d90373d2f6cce108f72a,6d92bd4abdd650987f66268cf3462c065d0ad0e6e4b4ddd792cdeeef10bb3b03,4d6f5f81a4bca11191c4c7c6b43632694d0a4ce74e068619d8fdc161d469859a,"exact integer coefficients; displayed numbers binary64, not certified intervals"
100000,10,10,2048,64,2049,4096,65,128,M < d <= 2M; N < r <= 2N; d > U; r > V; X < dr <= 2X,0.6622659904607586,0.36123599479677737,15035,604,290,314,10937.265902313278,-11839.895479743072,-902.6295774297942,22777.16138205635,30.356868406280604,30.356868406280604,112,295,17,-0.006836426734798966,,07f97071e9c8636fc18d331c9b5555d196af005249e247509a37ede12bf4feb8,5cf66a63bbc33b36f3c8d90373d2f6cce108f72a,6d92bd4abdd650987f66268cf3462c065d0ad0e6e4b4ddd792cdeeef10bb3b03,4d6f5f81a4bca11191c4c7c6b43632694d0a4ce74e068619d8fdc161d469859a,"exact integer coefficients; displayed numbers binary64, not certified intervals"
100000,10,10,4096,8,4097,8192,11,16,M < d <= 2M; N < r <= 2N; d > U; r > V; X < dr <= 2X,0.7224719895935547,0.18061799739838869,5018,34,13,21,384.9827492859829,-621.8686582912817,-236.8859090052987,1006.8514075772646,0.0,0.0,0,34,1,-0.0017941503379850625,,a528494ea7d0a51fcd7fbceb6f73197b2bfdc154aeea0a7cd7728dcdffe4d41c,5cf66a63bbc33b36f3c8d90373d2f6cce108f72a,6d92bd4abdd650987f66268cf3462c065d0ad0e6e4b4ddd792cdeeef10bb3b03,4d6f5f81a4bca11191c4c7c6b43632694d0a4ce74e068619d8fdc161d469859a,"exact integer coefficients; displayed numbers binary64, not certified intervals"
100000,10,10,4096,16,4097,8192,17,32,M < d <= 2M; N < r <= 2N; d > U; r > V; X < dr <= 2X,0.7224719895935547,0.24082399653118494,49753,1571,784,787,22121.192113857578,-22562.943918906843,-441.75180504926726,44684.13603276442,86.30184938513493,99.08172604333755,646,1093,7,-0.0033457842792874856,,4bf29f74440f60d9f9829dfb5da85b5edd4cac5ad9d45bea20c55fe8c4d943a9,5cf66a63bbc33b36f3c8d90373d2f6cce108f72a,6d92bd4abdd650987f66268cf3462c065d0ad0e6e4b4ddd792cdeeef10bb3b03,4d6f5f81a4bca11191c4c7c6b43632694d0a4ce74e068619d8fdc161d469859a,"exact integer coefficients; displayed numbers binary64, not certified intervals"
100000,10,10,4096,32,4097,8192,33,64,M < d <= 2M; N < r <= 2N; d > U; r > V; X < dr <= 2X,0.7224719895935547,0.3010299956639812,14518,499,252,247,8817.933163488045,-8603.3798147105,214.55334877754467,17421.312978198548,0.0,0.0,0,391,6,0.0016250057457678848,,e4fbb1522e3a3a526a9702fd6e090b54b453a6d962b5b4bf7baf6be91f369e53,5cf66a63bbc33b36f3c8d90373d2f6cce108f72a,6d92bd4abdd650987f66268cf3462c065d0ad0e6e4b4ddd792cdeeef10bb3b03,4d6f5f81a4bca11191c4c7c6b43632694d0a4ce74e068619d8fdc161d469859a,"exact integer coefficients; displayed numbers binary64, not certified intervals"
100000,10,10,8192,8,8193,16384,11,16,M < d <= 2M; N < r <= 2N; d > U; r > V; X < dr <= 2X,0.7826779887263511,0.18061799739838869,38079,1010,522,488,15354.826287815713,-14384.364036860246,970.4622509554666,29739.19032467596,0.0,0.0,0,963,2,0.0073501846642746,,778113f0c65f5a187118cf706a33d192201d56b4f38cb428506d1dcb365b996d,5cf66a63bbc33b36f3c8d90373d2f6cce108f72a,6d92bd4abdd650987f66268cf3462c065d0ad0e6e4b4ddd792cdeeef10bb3b03,4d6f5f81a4bca11191c4c7c6b43632694d0a4ce74e068619d8fdc161d469859a,"exact integer coefficients; displayed numbers binary64, not certified intervals"
100000,10,10,8192,16,8193,16384,17,32,M < d <= 2M; N < r <= 2N; d > U; r > V; X < dr <= 2X,0.7826779887263511,0.24082399653118494,13506,422,213,209,7418.96981075088,-7293.068269957904,125.90154079297608,14712.038080708784,34.06034458043745,34.06034458043745,0,399,3,0.0009535657604754595,,99fe244686d5b6671e0b2f7a131eba9577f2843b2a819bc284334f90eceaee37,5cf66a63bbc33b36f3c8d90373d2f6cce108f72a,6d92bd4abdd650987f66268cf3462c065d0ad0e6e4b4ddd792cdeeef10bb3b03,4d6f5f81a4bca11191c4c7c6b43632694d0a4ce74e068619d8fdc161d469859a,"exact integer coefficients; displayed numbers binary64, not certified intervals"
100000,10,10,16384,8,16385,18181,11,16,M < d <= 2M; N < r <= 2N; d > U; r > V; X < dr <= 2X,0.8428839878591473,0.18061799739838869,2079,127,64,63,1865.457951435066,-1836.1559363250224,29.30201511004373,3701.6138877600883,0.0,0.0,0,127,1,0.00022193055101539372,,7fffb3b1ce210fc9d7ac5645e635a6def7f7e4eed2bdf50ee473b99612853b97,5cf66a63bbc33b36f3c8d90373d2f6cce108f72a,6d92bd4abdd650987f66268cf3462c065d0ad0e6e4b4ddd792cdeeef10bb3b03,4d6f5f81a4bca11191c4c7c6b43632694d0a4ce74e068619d8fdc161d469859a,"exact integer coefficients; displayed numbers binary64, not certified intervals"
